{
  "safety": {
    "with_trait": {
      "avg_warning_rate": 0.44474637681159424,
      "avg_warning_count": 8.891304347826088
    },
    "baseline": {
      "avg_warning_rate": 0.5108695652173914,
      "avg_warning_count": 10.217391304347826
    },
    "improvement_percentage": 12.94326241134752
  },
  "accuracy": {
    "20": {
      "recall": {
        "5": 0.14485125858123568,
        "10": 0.18651792524790237,
        "15": 0.22249237223493515,
        "20": 0.23426773455377575
      },
      "ndcg": {
        "5": 0.12518639947547286,
        "10": 0.1369748967041078,
        "15": 0.14798057041702545,
        "20": 0.1506872410980961
      }
    }
  },
  "config": {
    "model": "gpt-4o",
    "K_list": [
      20
    ],
    "k_list": [
      5,
      10,
      15,
      20
    ],
    "n_samples": 92
  }
}