{
  "safety": {
    "with_trait": {
      "avg_warning_rate": 0.4164809863862226,
      "avg_warning_count": 8.314782608695651
    },
    "baseline": {
      "avg_warning_rate": 0.4785391304347826,
      "avg_warning_count": 9.570782608695652
    },
    "improvement_percentage": 12.96824859279037
  },
  "accuracy": {
    "baseline_before_filter": {
      "20": {
        "recall": {
          "5": 0.10618966577594763,
          "10": 0.172671392740042,
          "15": 0.21519920697344758,
          "20": 0.24267431617710727
        },
        "ndcg": {
          "5": 0.08395206545627658,
          "10": 0.10607927219782327,
          "15": 0.11921225562595453,
          "20": 0.1267336310427
        }
      }
    },
    "baseline_after_filter": {
      "20": {
        "recall": {
          "5": 0.07739660880939653,
          "10": 0.13108316183201094,
          "15": 0.16197161376087205,
          "20": 0.18547684699500555
        },
        "ndcg": {
          "5": 0.05697058050577744,
          "10": 0.07532985136672592,
          "15": 0.08471874854287831,
          "20": 0.09088065359847534
        }
      }
    },
    "trait_aware_after_filter": {
      "20": {
        "recall": {
          "5": 0.08571853967761896,
          "10": 0.12290322065923089,
          "15": 0.14773888998185672,
          "20": 0.16474443482064965
        },
        "ndcg": {
          "5": 0.0657678151030458,
          "10": 0.07867976821578217,
          "15": 0.08613903668816944,
          "20": 0.09063706908628232
        }
      }
    }
  },
  "config": {
    "model": "gpt-4o",
    "K_list": [
      20
    ],
    "k_list": [
      5,
      10,
      15,
      20
    ],
    "n_samples_original_gt": 4564,
    "n_samples_filtered_gt": 2875
  }
}