{
  "safety": {
    "with_trait": {
      "avg_warning_rate": 0.4500712020138433,
      "avg_warning_count": 8.981814198071866
    },
    "baseline": {
      "avg_warning_rate": 0.5190293602103417,
      "avg_warning_count": 10.380587204206837
    },
    "improvement_percentage": 13.285984085476871
  },
  "accuracy": {
    "20": {
      "recall": {
        "5": 0.09234174120777638,
        "10": 0.13366191423127158,
        "15": 0.16476343643721544,
        "20": 0.1965069459436341
      },
      "ndcg": {
        "5": 0.07282648813925448,
        "10": 0.08630879063278953,
        "15": 0.09554477371369322,
        "20": 0.10404754032378788
      }
    }
  },
  "config": {
    "model": "gpt-4o",
    "K_list": [
      20
    ],
    "k_list": [
      5,
      10,
      15,
      20
    ],
    "n_samples": 4564
  }
}