{
  "safety": {
    "with_trait": {
      "avg_warning_rate": 0.39541890924252704,
      "avg_warning_count": 7.890701468189233
    },
    "baseline": {
      "avg_warning_rate": 0.4488852637302882,
      "avg_warning_count": 8.977705274605764
    },
    "improvement_percentage": 11.910917735068779
  },
  "accuracy": {
    "20": {
      "recall": {
        "5": 0.09134146861572252,
        "10": 0.12759358773416923,
        "15": 0.1506906460245871,
        "20": 0.1695915832347077
      },
      "ndcg": {
        "5": 0.06510552812500266,
        "10": 0.07741868172609538,
        "15": 0.0837432683637497,
        "20": 0.08836008082957653
      }
    }
  },
  "config": {
    "model": "gpt-4o",
    "K_list": [
      20
    ],
    "k_list": [
      5,
      10,
      15,
      20
    ],
    "n_samples": 1839
  }
}